1,admin,wombat1,1,admin,,,I am the admin,,Adam,Minstrader,
2,foodie11,Foodiepass,1,User,,,I am the first user,,John,McClain,
3,NoobMstr,pass11,1,User,,,I am a user,,Holly,McClain,
4,FoodFan,pass12,1,User,,,stuff,,Mike,Smith,
5,WingLover,pass13,1,User,,,stuffing,,Jeff,Johnson,
6,RiceGuy,pass14,1,User,,,About us,,Rob,Dobb,
7,ShwarmaKarma,pass15,1,User,,,About things,,Alice,Samsonite,
8,ChiffonadeGirl,pass16,1,User,,,Things about things,,Alec,Redding,
9,RoughChop,pass17,1,User,,,,,Billy,Baldwin,
10,ChefGirl,pass18,1,User,,,nope,,Cullen,Stephan,
11,YesChef,pass19,1,User,,,,,Nolan,MacGregor,
12,TBone22,pass20,1,User,,,More abouts,,Aspen,Mills,
13,SaladGuy33,pass21,1,User,,,,,Mackenzie,Parks,
14,RatatouilleRay,pass22,1,User,,,Fantastic about,,Maximiliaan,Rafferty,
15,HotPocket,pass23,1,User,,,,,Logan,Shogun,
16,FeedMe67,pass24,1,User,,,,,Juliette,Peaks,
17,EatThis11,pass25,1,User,,,,,Fonz,Caliente,
18,Chopped,pass26,1,User,,,,,Loki,poki,
19,RecipeKing,pass27,1,User,,,,,Thomas,Train,
20,HereForNuggets,pass28,1,User,,,,,Tomas,Trains,
21,TomahawkChop,pass29,1,User,,,,,Lilly,Milly,
22,BraisedForDays,pass30,1,User,,,,,Roberto,Thurto,
23,AuntBessie,pass31,1,User,,,,,Jin,Win,
24,AllGravy,pass32,1,User,,,,,Landon,Smith,
25,YourMom,pass33,1,User,,,,,Rick,MacGregor,
26,MyMom,pass34,1,User,,,,,Michael,Mills,
27,FindMyPeas,pass35,1,User,,,,,Roxanne,Parks,
28,PicklesIsMyName,pass36,1,User,,,,,Jimmy,Rafferty,
29,FindTheSaltine,pass37,1,User,,,,,Jolie,Shogun,
30,Grains1111,pass38,1,User,,,,,Samwise,Peaks,
31,Pasta4Brekky,pass39,1,User,,,,,Mary,Caliente,
32,CannedHam,pass40,1,User,,,,,Anthony,poki,
33,SlamminSalmon,pass41,1,User,,,,,William,Train,
34,ShoNuff,pass42,1,User,,,,,William,Trains,
35,SparaGuss,pass43,1,User,,,,,Lulu,Milly,
36,FancyFeast,pass44,1,User,,,,,Sam,Thurto,
37,ReallyFancyFeast,pass45,1,User,,,,,Adamo,Win,
38,Brainiac,pass46,1,User,,,,,Conor,Smith,
39,DeepFried,pass47,1,User,,,,,Connor,MacGregor,
40,2Changs,pass48,1,User,,,,,Mark,Mills,
41,HotDoggyDog,pass49,1,User,,,,,Philip,Parks,
42,CheesePlease,pass50,1,User,,,,,Pria,Rafferty,
43,Hamburgler,pass51,1,User,,,,,Chris,Shogun,
44,FishSticks33,pass52,1,User,,,,,Savannah,Peaks,
45,HalfCupofLove,pass53,1,User,,,,,Jenny,Caliente,
46,DashOfFunk20,pass54,1,User,,,,,Maddux,poki,
47,PantsedOne,pass55,1,User,,,,,Bimini,Train,
48,Whomsit,pass56,1,User,,,,,Remmy,Trains,
49,ThawedLady67,pass57,1,User,,,,,Kate,Milly,
50,DebonedAndAlone,pass58,1,User,,,,,Cal,Thurto,
