1,admin,wombat1,1,admin,2022-11-28 00:00:00,2022-11-29 00:00:00,I am the admin,,Adam,Minstrader,
2,foodie11,Foodiepass,1,User,2022-11-28 00:00:00,2022-11-29 00:00:00,I am the first user,,John,McClain,
3,NoobMstr,pass11,1,User,2022-11-28 00:00:00,2022-11-29 00:00:00,I am a user,,Holly,McClain,
4,FoodFan,pass12,1,User,2022-11-28 00:00:00,2022-11-29 00:00:00,stuff,,Mike,Smith,
5,WingLover,pass13,1,User,2022-11-28 00:00:00,2022-11-29 00:00:00,stuffing,,Jeff,Johnson,
6,RiceGuy,pass14,1,User,2022-11-28 00:00:00,2022-11-29 00:00:00,About us,,Rob,Dobb,
7,ShwarmaKarma,pass15,1,User,2022-11-28 00:00:00,2022-11-29 00:00:00,About things,,Alice,Samsonite,
8,ChiffonadeGirl,pass16,1,User,2022-11-28 00:00:00,2022-11-29 00:00:00,Things about things,,Alec,Redding,
9,RoughChop,pass17,1,User,2022-11-28 00:00:00,2022-11-29 00:00:00,,,Billy,Baldwin,
10,ChefGirl,pass18,1,User,2022-11-28 00:00:00,2022-11-29 00:00:00,nope,,Cullen,Stephan,
11,YesChef,pass19,1,User,2022-11-28 00:00:00,2022-11-29 00:00:00,,,Nolan,MacGregor,
12,TBone22,pass20,1,User,2022-11-28 00:00:00,2022-11-29 00:00:00,More abouts,,Aspen,Mills,
13,SaladGuy33,pass21,1,User,2022-11-28 00:00:00,2022-11-29 00:00:00,,,Mackenzie,Parks,
14,RatatouilleRay,pass22,1,User,2022-11-28 00:00:00,2022-11-29 00:00:00,Fantastic about,,Maximiliaan,Rafferty,
15,HotPocket,pass23,1,User,2022-11-28 00:00:00,2022-11-29 00:00:00,,,Logan,Shogun,
16,FeedMe67,pass24,1,User,2022-11-28 00:00:00,2022-11-29 00:00:00,,,Juliette,Peaks,
17,EatThis11,pass25,1,User,2022-11-28 00:00:00,2022-11-29 00:00:00,,,Fonz,Caliente,
18,Chopped,pass26,1,User,2022-11-28 00:00:00,2022-11-29 00:00:00,,,Loki,poki,
19,RecipeKing,pass27,1,User,2022-11-28 00:00:00,2022-11-29 00:00:00,,,Thomas,Train,
20,HereForNuggets,pass28,1,User,2022-11-28 00:00:00,2022-11-29 00:00:00,,,Tomas,Trains,
21,TomahawkChop,pass29,1,User,2022-11-28 00:00:00,2022-11-29 00:00:00,,,Lilly,Milly,
22,BraisedForDays,pass30,1,User,2022-11-28 00:00:00,2022-11-29 00:00:00,,,Roberto,Thurto,
23,AuntBessie,pass31,1,User,2022-11-28 00:00:00,2022-11-29 00:00:00,,,Jin,Win,
24,AllGravy,pass32,1,User,2022-11-28 00:00:00,2022-11-29 00:00:00,,,Landon,Smith,
25,YourMom,pass33,1,User,2022-11-28 00:00:00,2022-11-29 00:00:00,,,Rick,MacGregor,
26,MyMom,pass34,1,User,2022-11-28 00:00:00,2022-11-29 00:00:00,,,Michael,Mills,
27,FindMyPeas,pass35,1,User,2022-11-28 00:00:00,2022-11-29 00:00:00,,,Roxanne,Parks,
28,PicklesIsMyName,pass36,1,User,2022-11-28 00:00:00,2022-11-29 00:00:00,,,Jimmy,Rafferty,
29,FindTheSaltine,pass37,1,User,2022-11-28 00:00:00,2022-11-29 00:00:00,,,Jolie,Shogun,
30,Grains1111,pass38,1,User,2022-11-28 00:00:00,2022-11-29 00:00:00,,,Samwise,Peaks,
31,Pasta4Brekky,pass39,1,User,2022-11-28 00:00:00,2022-11-29 00:00:00,,,Mary,Caliente,
32,CannedHam,pass40,1,User,2022-11-28 00:00:00,2022-11-29 00:00:00,,,Anthony,poki,
33,SlamminSalmon,pass41,1,User,2022-11-28 00:00:00,2022-11-29 00:00:00,,,William,Train,
34,ShoNuff,pass42,1,User,2022-11-28 00:00:00,2022-11-29 00:00:00,,,William,Trains,
35,SparaGuss,pass43,1,User,2022-11-28 00:00:00,2022-11-29 00:00:00,,,Lulu,Milly,
36,FancyFeast,pass44,1,User,2022-11-28 00:00:00,2022-11-29 00:00:00,,,Sam,Thurto,
37,ReallyFancyFeast,pass45,1,User,2022-11-28 00:00:00,2022-11-29 00:00:00,,,Adamo,Win,
38,Brainiac,pass46,1,User,2022-11-28 00:00:00,2022-11-29 00:00:00,,,Conor,Smith,
39,DeepFried,pass47,1,User,2022-11-28 00:00:00,2022-11-29 00:00:00,,,Connor,MacGregor,
40,2Changs,pass48,1,User,2022-11-28 00:00:00,2022-11-29 00:00:00,,,Mark,Mills,
41,HotDoggyDog,pass49,1,User,2022-11-28 00:00:00,2022-11-29 00:00:00,,,Philip,Parks,
42,CheesePlease,pass50,1,User,2022-11-28 00:00:00,2022-11-29 00:00:00,,,Pria,Rafferty,
43,Hamburgler,pass51,1,User,2022-11-28 00:00:00,2022-11-29 00:00:00,,,Chris,Shogun,
44,FishSticks33,pass52,1,User,2022-11-28 00:00:00,2022-11-29 00:00:00,,,Savannah,Peaks,
45,HalfCupofLove,pass53,1,User,2022-11-28 00:00:00,2022-11-29 00:00:00,,,Jenny,Caliente,
46,DashOfFunk20,pass54,1,User,2022-11-28 00:00:00,2022-11-29 00:00:00,,,Maddux,poki,
47,PantsedOne,pass55,1,User,2022-11-28 00:00:00,2022-11-29 00:00:00,,,Bimini,Train,
48,Whomsit,pass56,1,User,2022-11-28 00:00:00,2022-11-29 00:00:00,,,Remmy,Trains,
49,ThawedLady67,pass57,1,User,2022-11-28 00:00:00,2022-11-29 00:00:00,,,Kate,Milly,
50,DebonedAndAlone,pass58,1,User,2022-11-28 00:00:00,2022-11-29 00:00:00,,,Cal,Thurto,
